user,recommendations
1502801,[]
1609720,"['BD0101EN', 'BD0111EN', 'DS0103EN', 'DS0105EN', 'ML0115EN', 'PY0101EN', 'RP0101EN']"
1347188,['CO0101EN']
755067,"['BD0111EN', 'BD0211EN', 'DS0101EN', 'PY0101EN']"
538595,"['BD0211EN', 'DS0101EN', 'PY0101EN']"
1773079,"['BD0101EN', 'BD0111EN', 'BD0211EN', 'DS0101EN', 'PY0101EN']"
603361,[]
1122903,['DS0101EN']
714414,"['BD0101EN', 'BD0111EN', 'DA0101EN', 'DV0101EN', 'ML0101ENv3']"
1688159,['CO0101EN']
703905,[]
881847,"['BD0101EN', 'DS0101EN', 'DS0103EN', 'DS0105EN', 'ML0101ENv3']"
1784245,[]
1443131,[]
1773434,[]
489692,[]
430274,"['BD0101EN', 'BD0111EN', 'BD0211EN', 'PY0101EN']"
1394499,[]
1221910,"['BD0111EN', 'DV0101EN', 'ML0101ENv3', 'ML0115EN', 'PY0101EN', 'RP0101EN']"
1636610,"['BD0101EN', 'BD0111EN', 'BD0211EN']"
1504635,"['BD0111EN', 'BD0211EN', 'PY0101EN']"
616284,[]
462755,['BD0111EN']
902138,['DS0101EN']
1102170,[]
510780,['PY0101EN']
220851,"['BD0101EN', 'BD0111EN', 'BD0211EN']"
952742,[]
704521,"['BD0101EN', 'BD0111EN', 'BD0211EN']"
517197,[]
1806207,['BD0211EN']
1648099,"['BD0101EN', 'BD0111EN', 'BD0211EN', 'PY0101EN']"
108541,['DS0101EN']
1642918,"['BD0101EN', 'BD0111EN', 'DS0103EN', 'DS0105EN', 'ML0115EN']"
601371,"['BD0101EN', 'BD0111EN', 'DA0101EN', 'DS0101EN', 'DV0101EN', 'ML0101ENv3', 'ML0115EN', 'PY0101EN']"
1199884,"['BD0111EN', 'DA0101EN', 'DS0105EN', 'DV0101EN', 'ML0101ENv3', 'ML0115EN']"
531408,"['DA0101EN', 'DV0101EN', 'ML0101ENv3', 'ML0115EN', 'PY0101EN']"
708518,[]
1351020,"['BD0101EN', 'BD0211EN', 'DS0101EN']"
472908,"['BD0211EN', 'DS0101EN', 'PY0101EN']"
482875,"['DS0103EN', 'DS0105EN', 'RP0101EN']"
1541383,"['BD0101EN', 'BD0111EN', 'DS0101EN', 'DS0103EN', 'DS0105EN', 'RP0101EN']"
877026,"['BD0111EN', 'BD0211EN', 'PY0101EN']"
755044,"['DS0101EN', 'DS0103EN', 'DS0105EN', 'DV0101EN', 'ML0101ENv3', 'PY0101EN', 'RP0101EN']"
913275,"['BD0101EN', 'DS0101EN', 'PY0101EN']"
1275452,"['BD0111EN', 'DS0101EN', 'DS0103EN', 'DS0105EN', 'RP0101EN']"
985429,"['ML0101ENv3', 'ML0115EN', 'RP0101EN']"
1237626,"['BD0111EN', 'DA0101EN', 'DS0103EN', 'DS0105EN', 'DV0101EN', 'ML0101ENv3', 'RP0101EN']"
577001,"['BD0111EN', 'PY0101EN']"
981848,[]
1751931,"['BD0101EN', 'BD0111EN', 'DS0101EN', 'DS0103EN', 'DS0105EN', 'DV0101EN', 'RP0101EN']"
1378699,"['BD0101EN', 'BD0111EN', 'BD0211EN', 'DS0101EN']"
705065,['CO0101EN']
1452505,[]
762860,"['BD0101EN', 'ML0101ENv3', 'ML0115EN', 'RP0101EN']"
1571271,"['BD0101EN', 'BD0111EN', 'DS0101EN', 'DS0103EN', 'DS0105EN', 'ML0115EN']"
767649,[]
1194679,"['BD0101EN', 'DS0101EN', 'PY0101EN']"
1882084,"['DA0101EN', 'ML0101ENv3', 'ML0115EN']"
1506139,[]
569052,['PY0101EN']
1316258,[]
1016747,['PY0101EN']
696345,"['BD0211EN', 'PY0101EN']"
494226,"['DA0101EN', 'DS0101EN', 'DS0103EN', 'DS0105EN', 'DV0101EN', 'ML0101ENv3', 'ML0115EN', 'PY0101EN', 'RP0101EN']"
699465,['PY0101EN']
886106,"['ML0101ENv3', 'ML0115EN']"
740210,"['DS0101EN', 'PY0101EN']"
690872,['BD0211EN']
705746,[]
759038,"['BD0101EN', 'DA0101EN', 'DS0103EN', 'DS0105EN', 'DV0101EN', 'ML0101ENv3', 'ML0115EN']"
1212187,"['BD0101EN', 'BD0111EN', 'RP0101EN']"
1715864,"['BD0111EN', 'DS0103EN', 'DS0105EN', 'ML0101ENv3', 'ML0115EN', 'RP0101EN']"
738131,"['BD0101EN', 'DS0101EN', 'DS0103EN', 'DS0105EN', 'ML0101ENv3', 'ML0115EN', 'RP0101EN']"
793367,"['BD0101EN', 'BD0111EN', 'DS0101EN', 'DS0103EN', 'DS0105EN', 'ML0101ENv3', 'RP0101EN']"
1271375,"['BD0101EN', 'BD0111EN', 'BD0211EN', 'DS0101EN', 'PY0101EN']"
1405594,"['BD0111EN', 'BD0211EN', 'DS0101EN']"
266643,[]
1194262,[]
1474331,"['DA0101EN', 'DS0103EN', 'DS0105EN', 'DV0101EN', 'ML0101ENv3', 'ML0115EN']"
1538828,"['DS0103EN', 'DV0101EN', 'ML0115EN']"
669512,"['DA0101EN', 'DV0101EN', 'ML0101ENv3']"
1287782,[]
1006163,"['DS0103EN', 'DS0105EN', 'DV0101EN', 'ML0115EN', 'RP0101EN']"
2021696,"['BD0101EN', 'BD0111EN', 'DS0101EN', 'DS0103EN', 'DS0105EN', 'RP0101EN']"
970895,[]
1596323,[]
979847,"['BD0101EN', 'BD0111EN', 'ML0115EN', 'RP0101EN']"
738953,['CO0101EN']
1095855,['CO0101EN']
998607,['PY0101EN']
1521903,"['BD0101EN', 'BD0111EN', 'BD0211EN', 'DS0101EN']"
539916,[]
1404598,"['BD0101EN', 'DS0105EN', 'RP0101EN']"
1563448,[]
887336,"['BD0101EN', 'BD0111EN', 'DS0101EN', 'DS0103EN', 'DS0105EN', 'ML0101ENv3', 'RP0101EN']"
1206954,"['BD0111EN', 'DV0101EN', 'ML0101ENv3', 'ML0115EN', 'RP0101EN']"
1783867,"['BD0111EN', 'BD0211EN']"
1224751,[]
1444838,['DS0101EN']
560247,"['BD0211EN', 'DS0101EN', 'PY0101EN']"
2004142,"['BD0101EN', 'BD0111EN', 'DV0101EN', 'ML0101ENv3', 'ML0115EN', 'PY0101EN', 'RP0101EN']"
1078030,"['BD0101EN', 'BD0111EN', 'DS0101EN', 'DS0103EN', 'DS0105EN', 'RP0101EN']"
621543,"['BD0211EN', 'DS0101EN', 'PY0101EN']"
684186,"['DA0101EN', 'DV0101EN', 'ML0101ENv3', 'ML0115EN', 'PY0101EN']"
152320,"['BD0101EN', 'DA0101EN', 'DS0101EN', 'DS0103EN', 'DS0105EN', 'DV0101EN', 'ML0101ENv3', 'ML0115EN', 'PY0101EN', 'RP0101EN']"
578677,"['DA0101EN', 'DV0101EN', 'ML0101ENv3', 'ML0115EN', 'RP0101EN']"
701650,"['BD0111EN', 'BD0211EN', 'DS0101EN', 'PY0101EN']"
1061706,[]
399457,[]
187819,[]
2022708,"['BD0101EN', 'BD0111EN', 'DS0101EN', 'DS0103EN', 'DS0105EN', 'RP0101EN']"
1355756,"['DA0101EN', 'DS0103EN', 'DS0105EN', 'DV0101EN', 'ML0101ENv3', 'ML0115EN', 'RP0101EN']"
1215047,"['BD0111EN', 'BD0211EN', 'PY0101EN']"
1313360,['PY0101EN']
952216,[]
1458003,[]
627837,"['DS0103EN', 'DS0105EN', 'ML0101ENv3', 'ML0115EN']"
1736248,"['DS0103EN', 'ML0115EN']"
1208551,"['BD0101EN', 'BD0111EN', 'DV0101EN', 'ML0101ENv3', 'ML0115EN']"
1391909,"['BD0101EN', 'BD0111EN', 'DA0101EN', 'DS0101EN', 'DS0103EN', 'DS0105EN', 'DV0101EN', 'RP0101EN']"
1571241,"['BD0101EN', 'BD0111EN', 'ML0101ENv3', 'RP0101EN']"
1730632,"['BD0101EN', 'BD0111EN', 'BD0211EN', 'DS0101EN', 'PY0101EN']"
1258208,[]
753875,"['BD0111EN', 'DS0103EN', 'DS0105EN', 'ML0101ENv3', 'PY0101EN', 'RP0101EN']"
931547,[]
558382,"['DA0101EN', 'DS0103EN', 'DS0105EN', 'DV0101EN', 'ML0101ENv3', 'ML0115EN', 'PY0101EN', 'RP0101EN']"
1559681,"['BD0101EN', 'BD0111EN', 'DA0101EN', 'DV0101EN', 'ML0101ENv3', 'ML0115EN']"
1831769,[]
681552,[]
461049,[]
1457700,"['BD0101EN', 'BD0111EN', 'BD0211EN', 'DS0101EN', 'PY0101EN']"
1884765,[]
1284176,[]
1230771,[]
1273446,"['BD0101EN', 'BD0111EN', 'DS0101EN', 'PY0101EN']"
1104351,"['BD0111EN', 'DS0103EN', 'DS0105EN', 'ML0115EN', 'RP0101EN']"
1073082,['DS0101EN']
1964245,['CO0101EN']
1345617,"['DS0103EN', 'DS0105EN', 'ML0115EN', 'RP0101EN']"
1130710,['CO0101EN']
1436224,[]
1916547,"['BD0101EN', 'BD0111EN', 'RP0101EN']"
968795,"['BD0101EN', 'BD0111EN', 'DS0101EN']"
1208537,"['BD0111EN', 'DS0103EN', 'DS0105EN', 'RP0101EN']"
1788961,"['BD0101EN', 'BD0111EN', 'DA0101EN', 'DS0105EN', 'DV0101EN', 'ML0115EN']"
696942,"['BD0211EN', 'DS0101EN', 'PY0101EN']"
951530,"['BD0101EN', 'BD0111EN', 'DS0101EN', 'DS0103EN', 'DS0105EN', 'DV0101EN', 'ML0101ENv3', 'PY0101EN', 'RP0101EN']"
419414,"['BD0101EN', 'BD0111EN', 'DS0101EN', 'DS0103EN', 'DS0105EN', 'ML0115EN', 'PY0101EN', 'RP0101EN']"
646160,"['DA0101EN', 'DV0101EN', 'ML0115EN']"
1688652,"['BD0101EN', 'BD0211EN', 'DS0101EN', 'PY0101EN']"
674939,[]
1032524,[]
1135440,[]
1138499,['CO0101EN']
1625215,"['BD0211EN', 'DS0101EN', 'PY0101EN']"
1019556,['BD0211EN']
1027344,['PY0101EN']
1593639,"['BD0101EN', 'BD0111EN', 'BD0211EN', 'DS0101EN']"
1669680,[]
1819037,"['BD0111EN', 'DS0101EN', 'DS0105EN', 'DV0101EN', 'RP0101EN']"
957960,"['BD0101EN', 'BD0211EN', 'PY0101EN']"
1107112,"['DS0101EN', 'PY0101EN']"
1014699,[]
2046621,"['BD0101EN', 'BD0111EN', 'DS0101EN', 'DS0103EN', 'DS0105EN', 'ML0115EN', 'RP0101EN']"
485273,['PY0101EN']
1196134,[]
1806813,"['BD0111EN', 'ML0101ENv3', 'ML0115EN', 'RP0101EN']"
1573190,"['BD0101EN', 'BD0111EN', 'DA0101EN', 'DS0101EN', 'DS0103EN', 'DS0105EN', 'PY0101EN', 'RP0101EN']"
497128,"['DA0101EN', 'DV0101EN', 'ML0101ENv3']"
1886079,"['BD0101EN', 'BD0111EN', 'RP0101EN']"
899349,[]
750640,"['DS0101EN', 'DS0103EN', 'DS0105EN', 'DV0101EN', 'ML0101ENv3', 'ML0115EN', 'RP0101EN']"
748522,"['BD0101EN', 'DS0101EN', 'DS0103EN', 'DS0105EN', 'ML0101ENv3', 'ML0115EN', 'RP0101EN']"
296101,[]
886688,"['BD0101EN', 'BD0111EN', 'DS0101EN', 'DS0103EN', 'DS0105EN', 'ML0101ENv3']"
948812,"['BD0101EN', 'PY0101EN']"
1188137,"['BD0111EN', 'BD0211EN', 'PY0101EN']"
1341177,"['DA0101EN', 'DS0101EN', 'DS0103EN', 'DS0105EN', 'RP0101EN']"
883150,"['BD0111EN', 'DA0101EN', 'DV0101EN', 'ML0101ENv3', 'ML0115EN', 'RP0101EN']"
547966,"['BD0101EN', 'BD0111EN', 'DA0101EN', 'DV0101EN', 'ML0101ENv3', 'ML0115EN', 'PY0101EN']"
973663,[]
988115,[]
1304909,[]
1285846,[]
142685,"['BD0101EN', 'BD0111EN', 'DS0101EN']"
182509,"['DS0103EN', 'DS0105EN', 'DV0101EN', 'RP0101EN']"
1120306,[]
1167829,[]
1898770,[]
794282,['PY0101EN']
480186,"['DS0101EN', 'PY0101EN']"
2020759,['CO0101EN']
945917,[]
1291244,[]
1619917,"['BD0101EN', 'BD0111EN', 'ML0101ENv3', 'ML0115EN']"
628701,['PY0101EN']
1296757,"['BD0101EN', 'BD0111EN', 'BD0211EN', 'PY0101EN']"
1069367,"['BD0211EN', 'DS0101EN', 'PY0101EN']"
1676451,['CO0101EN']
897866,"['BD0211EN', 'DS0101EN', 'PY0101EN']"
1691129,"['BD0111EN', 'DS0103EN', 'ML0115EN']"
1607405,['BD0211EN']
1251998,[]
1259123,[]
1813726,"['BD0111EN', 'BD0211EN']"
1697791,"['BD0101EN', 'BD0111EN', 'BD0211EN', 'DS0101EN']"
1121817,"['BD0111EN', 'DS0101EN', 'DS0103EN', 'DS0105EN', 'ML0101ENv3', 'ML0115EN', 'RP0101EN']"
940704,[]
728690,[]
931463,"['BD0101EN', 'BD0111EN', 'DS0101EN', 'DS0103EN', 'DS0105EN', 'DV0101EN', 'ML0101ENv3', 'RP0101EN']"
1180992,['CO0101EN']
1831780,"['BD0101EN', 'BD0111EN', 'BD0211EN']"
555836,"['DA0101EN', 'DS0105EN', 'DV0101EN', 'ML0101ENv3', 'PY0101EN']"
702927,"['BD0111EN', 'DS0101EN', 'DS0103EN', 'DS0105EN', 'ML0101ENv3', 'RP0101EN']"
1438699,"['BD0101EN', 'BD0111EN', 'DA0101EN', 'DS0101EN', 'DS0103EN', 'DS0105EN', 'ML0101ENv3', 'ML0115EN']"
624248,"['DA0101EN', 'DS0103EN', 'DS0105EN', 'DV0101EN', 'ML0101ENv3', 'ML0115EN']"
1893628,"['BD0101EN', 'BD0111EN', 'RP0101EN']"
699014,"['DS0101EN', 'PY0101EN']"
1608895,"['BD0111EN', 'DA0101EN', 'DS0101EN', 'DS0103EN', 'DS0105EN', 'ML0115EN', 'RP0101EN']"
968280,"['BD0101EN', 'BD0111EN', 'BD0211EN', 'PY0101EN']"
2057052,"['BD0101EN', 'BD0111EN', 'BD0211EN']"
1312255,[]
435051,['PY0101EN']
1300715,"['BD0111EN', 'BD0211EN', 'DS0101EN', 'PY0101EN']"
515823,"['DS0101EN', 'PY0101EN']"
1382697,[]
1008779,"['BD0101EN', 'BD0111EN', 'ML0101ENv3', 'ML0115EN', 'RP0101EN']"
1167173,"['BD0111EN', 'BD0211EN', 'DS0101EN']"
243266,"['BD0101EN', 'BD0111EN', 'BD0211EN']"
888995,[]
503032,['PY0101EN']
406940,['PY0101EN']
2061096,[]
149690,['PY0101EN']
1236864,[]
621497,"['BD0111EN', 'PY0101EN']"
1813704,[]
2082818,"['BD0101EN', 'BD0111EN', 'BD0211EN', 'DS0101EN', 'PY0101EN']"
828900,[]
609057,"['BD0111EN', 'BD0211EN', 'PY0101EN']"
1170761,"['BD0111EN', 'BD0211EN', 'PY0101EN']"
927022,['DS0101EN']
1607052,"['BD0211EN', 'DS0101EN']"
641270,[]
591984,"['BD0111EN', 'BD0211EN']"
1864557,"['BD0101EN', 'BD0111EN', 'DA0101EN', 'DS0101EN', 'DS0103EN', 'DS0105EN', 'DV0101EN']"
459415,"['BD0101EN', 'BD0111EN', 'DV0101EN']"
1758635,"['BD0101EN', 'BD0111EN', 'DS0101EN', 'DS0103EN', 'DS0105EN', 'DV0101EN', 'RP0101EN']"
630417,"['DS0101EN', 'PY0101EN']"
922932,"['BD0111EN', 'BD0211EN', 'PY0101EN']"
944182,[]
528259,[]
1031032,['DS0101EN']
753356,"['DS0103EN', 'DS0105EN', 'DV0101EN', 'ML0101ENv3', 'ML0115EN', 'PY0101EN']"
446982,"['BD0111EN', 'BD0211EN', 'PY0101EN']"
902617,"['BD0111EN', 'DA0101EN', 'DV0101EN', 'ML0101ENv3', 'ML0115EN']"
1667543,"['BD0101EN', 'BD0111EN', 'BD0211EN', 'DS0101EN', 'PY0101EN']"
572721,"['BD0101EN', 'DV0101EN', 'ML0115EN']"
992171,"['DS0101EN', 'DS0103EN', 'DS0105EN', 'RP0101EN']"
2036996,"['BD0101EN', 'BD0111EN', 'BD0211EN', 'DS0101EN', 'PY0101EN']"
315714,"['DA0101EN', 'DV0101EN', 'PY0101EN', 'RP0101EN']"
2052832,"['BD0101EN', 'BD0111EN', 'BD0211EN']"
639271,"['DA0101EN', 'DS0105EN', 'DV0101EN', 'ML0101ENv3', 'ML0115EN']"
1818149,[]
569284,"['DS0101EN', 'PY0101EN']"
982945,"['DS0101EN', 'PY0101EN']"
1660009,"['BD0101EN', 'BD0111EN', 'BD0211EN']"
425952,"['BD0111EN', 'DS0101EN', 'PY0101EN']"
910687,"['DV0101EN', 'ML0101ENv3']"
934060,"['BD0101EN', 'BD0111EN', 'DS0101EN', 'DS0103EN', 'DS0105EN', 'ML0101ENv3', 'ML0115EN', 'RP0101EN']"
1455717,['CO0101EN']
1469379,[]
418401,"['BD0111EN', 'DA0101EN', 'DV0101EN', 'ML0101ENv3', 'ML0115EN', 'RP0101EN']"
700521,[]
544738,['PY0101EN']
1396750,['CO0101EN']
765007,['BD0211EN']
1085627,"['BD0101EN', 'BD0111EN', 'BD0211EN', 'DS0101EN', 'PY0101EN']"
779324,"['BD0101EN', 'DA0101EN', 'DS0103EN', 'DS0105EN', 'DV0101EN', 'ML0101ENv3', 'RP0101EN']"
1390701,"['BD0101EN', 'BD0111EN', 'DA0101EN', 'DS0101EN', 'DS0103EN', 'DS0105EN', 'DV0101EN', 'RP0101EN']"
776333,[]
1581286,"['DS0101EN', 'PY0101EN']"
1803286,"['BD0101EN', 'BD0111EN', 'RP0101EN']"
70434,"['BD0211EN', 'DS0101EN', 'PY0101EN']"
1190408,['CO0101EN']
620994,"['BD0111EN', 'DA0101EN', 'DS0105EN', 'DV0101EN', 'ML0101ENv3', 'ML0115EN', 'RP0101EN']"
1051928,[]
960871,"['BD0111EN', 'DA0101EN', 'DV0101EN', 'ML0101ENv3', 'ML0115EN', 'RP0101EN']"
1101622,"['BD0101EN', 'BD0111EN', 'DS0103EN', 'DS0105EN', 'RP0101EN']"
964624,[]
1950381,['CO0101EN']
497451,"['BD0111EN', 'BD0211EN', 'DS0101EN', 'PY0101EN']"
1128883,[]
52091,"['BD0101EN', 'BD0111EN', 'DS0101EN', 'PY0101EN']"
2050073,"['BD0101EN', 'BD0111EN', 'DA0101EN', 'DS0103EN', 'DS0105EN', 'DV0101EN', 'ML0101ENv3', 'ML0115EN']"
757762,['DS0101EN']
1717953,[]
733707,[]
739171,[]
1443238,"['BD0101EN', 'BD0111EN', 'DS0101EN', 'DS0105EN', 'DV0101EN', 'ML0101ENv3', 'ML0115EN']"
1021113,[]
1255885,"['BD0111EN', 'BD0211EN', 'PY0101EN']"
899011,['DS0101EN']
1574761,"['BD0111EN', 'DA0101EN', 'DV0101EN', 'ML0101ENv3', 'ML0115EN']"
1194104,[]
1562232,"['BD0101EN', 'BD0111EN', 'DS0101EN', 'DS0103EN', 'DS0105EN', 'DV0101EN', 'ML0115EN']"
615039,"['BD0211EN', 'PY0101EN']"
1738888,"['DS0101EN', 'DS0103EN', 'DS0105EN', 'ML0115EN', 'RP0101EN']"
1803965,['BD0111EN']
606892,"['BD0111EN', 'BD0211EN', 'PY0101EN']"
1131617,[]
1008504,[]
440679,[]
681785,['BD0211EN']
1062761,[]
428830,"['BD0211EN', 'DS0101EN']"
925383,['CO0101EN']
1104367,[]
1371316,"['BD0101EN', 'BD0111EN', 'DS0105EN', 'ML0101ENv3', 'ML0115EN', 'RP0101EN']"
1840422,[]
1823144,"['BD0101EN', 'BD0111EN', 'BD0211EN', 'PY0101EN']"
1256658,['CO0101EN']
1271321,[]
661906,"['ML0101ENv3', 'ML0115EN']"
1514188,"['BD0101EN', 'BD0111EN', 'BD0211EN', 'DS0101EN']"
406451,['PY0101EN']
667110,"['BD0211EN', 'DS0101EN', 'PY0101EN']"
447524,"['BD0101EN', 'BD0111EN', 'DS0103EN', 'RP0101EN']"
1743750,[]
483426,"['DS0101EN', 'PY0101EN']"
1193731,"['DS0101EN', 'DS0103EN', 'DS0105EN', 'DV0101EN', 'ML0101ENv3', 'ML0115EN', 'RP0101EN']"
689540,['CO0101EN']
779857,"['BD0111EN', 'DS0105EN', 'ML0101ENv3', 'ML0115EN', 'RP0101EN']"
543504,[]
1953163,['RP0101EN']
887953,[]
1145194,"['BD0101EN', 'BD0111EN', 'DS0101EN', 'DS0103EN', 'DS0105EN', 'ML0101ENv3', 'ML0115EN', 'RP0101EN']"
963178,"['BD0101EN', 'BD0111EN', 'ML0115EN', 'RP0101EN']"
921347,[]
647516,['DS0101EN']
1274973,['CO0101EN']
1423135,"['BD0111EN', 'BD0211EN']"
969379,"['BD0101EN', 'BD0211EN', 'DS0101EN', 'PY0101EN']"
506734,"['BD0211EN', 'PY0101EN']"
777750,[]
1169698,[]
1342117,[]
881665,"['BD0111EN', 'BD0211EN', 'PY0101EN']"
246703,"['DS0101EN', 'PY0101EN']"
1232030,[]
1866295,[]
1427154,"['DS0101EN', 'DS0103EN', 'DS0105EN', 'ML0101ENv3', 'ML0115EN', 'RP0101EN']"
211118,"['BD0211EN', 'DS0101EN', 'PY0101EN']"
408938,"['BD0111EN', 'BD0211EN', 'PY0101EN']"
1099252,"['BD0101EN', 'BD0111EN', 'BD0211EN']"
956089,"['BD0101EN', 'BD0111EN', 'DS0103EN', 'DS0105EN', 'ML0101ENv3', 'ML0115EN', 'RP0101EN']"
1472511,"['BD0101EN', 'BD0111EN', 'ML0115EN', 'RP0101EN']"
1977334,"['BD0101EN', 'DS0103EN', 'DS0105EN', 'DV0101EN', 'PY0101EN', 'RP0101EN']"
464965,"['BD0211EN', 'DS0101EN', 'PY0101EN']"
1696376,"['BD0101EN', 'BD0111EN', 'BD0211EN']"
774617,"['BD0211EN', 'DS0101EN']"
660570,[]
1919394,['CO0101EN']
691576,['DS0101EN']
1314655,[]
901100,[]
1083088,"['BD0101EN', 'BD0111EN', 'DS0101EN', 'DS0103EN', 'DS0105EN', 'ML0101ENv3', 'ML0115EN', 'RP0101EN']"
983498,['CO0101EN']
687371,"['BD0111EN', 'BD0211EN']"
1384042,[]
1229024,['DS0101EN']
1871627,"['BD0101EN', 'BD0111EN', 'BD0211EN']"
942027,['BD0211EN']
1549032,"['DA0101EN', 'DS0103EN', 'DS0105EN', 'ML0101ENv3', 'ML0115EN', 'RP0101EN']"
876841,"['BD0101EN', 'BD0111EN', 'BD0211EN', 'PY0101EN']"
1049634,"['BD0111EN', 'DS0101EN', 'DS0103EN', 'DS0105EN', 'RP0101EN']"
1260758,"['BD0101EN', 'BD0111EN', 'DA0101EN', 'DS0105EN', 'DV0101EN', 'ML0115EN', 'RP0101EN']"
998972,['PY0101EN']
707328,"['BD0111EN', 'DA0101EN', 'DS0103EN', 'DV0101EN', 'ML0101ENv3', 'ML0115EN', 'RP0101EN']"
462554,"['DS0101EN', 'PY0101EN']"
1089282,"['BD0111EN', 'PY0101EN']"
883013,"['DA0101EN', 'DS0105EN', 'DV0101EN', 'ML0101ENv3', 'ML0115EN', 'RP0101EN']"
1332218,"['BD0111EN', 'DA0101EN', 'DV0101EN', 'ML0101ENv3', 'ML0115EN', 'PY0101EN']"
778132,"['DS0103EN', 'ML0115EN', 'RP0101EN']"
1627595,"['BD0101EN', 'BD0111EN', 'DS0103EN', 'DS0105EN', 'ML0101ENv3', 'ML0115EN', 'RP0101EN']"
1751031,"['BD0101EN', 'BD0111EN', 'DS0101EN', 'DS0103EN', 'DS0105EN', 'DV0101EN', 'ML0101ENv3', 'ML0115EN']"
697008,['BD0211EN']
277715,['DS0101EN']
1628200,"['BD0111EN', 'DA0101EN', 'DS0103EN', 'DS0105EN', 'DV0101EN', 'RP0101EN']"
1019344,['PY0101EN']
969690,"['BD0101EN', 'BD0111EN', 'BD0211EN', 'PY0101EN']"
587229,"['DA0101EN', 'DV0101EN', 'ML0101ENv3', 'ML0115EN', 'PY0101EN']"
718368,"['BD0211EN', 'DS0101EN', 'PY0101EN']"
1441107,"['BD0101EN', 'BD0111EN', 'BD0211EN', 'DS0101EN']"
964237,"['BD0101EN', 'BD0111EN', 'ML0115EN']"
1177066,"['BD0211EN', 'PY0101EN']"
511765,"['BD0101EN', 'BD0111EN', 'BD0211EN']"
1634015,[]
1087982,"['BD0101EN', 'DA0101EN', 'DS0101EN', 'DS0103EN', 'DS0105EN', 'DV0101EN', 'ML0115EN', 'RP0101EN']"
878908,"['BD0111EN', 'DA0101EN', 'DS0103EN', 'DS0105EN', 'DV0101EN', 'ML0101ENv3', 'ML0115EN', 'PY0101EN', 'RP0101EN']"
1567706,"['BD0101EN', 'BD0111EN', 'BD0211EN']"
585227,"['DA0101EN', 'DS0105EN', 'DV0101EN', 'ML0101ENv3', 'ML0115EN']"
642609,['BD0211EN']
655195,[]
552288,"['BD0101EN', 'BD0111EN', 'BD0211EN', 'PY0101EN']"
685905,[]
888784,"['BD0101EN', 'BD0111EN', 'DS0101EN', 'DS0103EN', 'DS0105EN', 'DV0101EN', 'ML0101ENv3', 'RP0101EN']"
1697610,"['BD0111EN', 'DS0103EN', 'DS0105EN', 'ML0101ENv3', 'ML0115EN', 'RP0101EN']"
1513356,"['BD0101EN', 'BD0111EN', 'DS0105EN']"
182847,"['BD0101EN', 'BD0111EN', 'BD0211EN']"
621285,"['BD0111EN', 'DA0101EN', 'DS0101EN', 'DS0103EN', 'DS0105EN', 'DV0101EN', 'ML0101ENv3', 'RP0101EN']"
491004,"['BD0101EN', 'BD0111EN', 'DS0101EN', 'PY0101EN']"
1920814,"['BD0101EN', 'BD0111EN', 'DS0101EN', 'DS0103EN', 'DS0105EN', 'ML0101ENv3']"
986814,[]
1248209,"['DA0101EN', 'DS0103EN', 'DS0105EN', 'DV0101EN', 'ML0101ENv3', 'ML0115EN']"
2087663,[]
1348528,"['BD0101EN', 'BD0111EN', 'ML0115EN', 'RP0101EN']"
1115180,"['BD0101EN', 'BD0111EN', 'DS0105EN', 'RP0101EN']"
1824570,"['BD0101EN', 'BD0111EN', 'DA0101EN', 'DV0101EN', 'ML0101ENv3', 'RP0101EN']"
354686,"['BD0101EN', 'BD0211EN', 'DS0101EN', 'PY0101EN']"
888162,"['BD0111EN', 'BD0211EN']"
608432,[]
1018679,"['BD0101EN', 'BD0111EN', 'BD0211EN', 'DS0101EN']"
1626145,"['BD0101EN', 'BD0111EN', 'BD0211EN', 'PY0101EN']"
1393591,"['BD0101EN', 'BD0111EN', 'DA0101EN', 'DS0105EN', 'ML0115EN', 'RP0101EN']"
911798,"['BD0101EN', 'BD0111EN', 'ML0101ENv3', 'ML0115EN']"
1549935,[]
1040249,"['BD0101EN', 'DS0101EN']"
1327565,"['BD0111EN', 'BD0211EN']"
1106139,"['BD0101EN', 'BD0111EN', 'BD0211EN', 'DS0101EN', 'PY0101EN']"
1766896,"['BD0101EN', 'BD0211EN', 'DS0101EN', 'PY0101EN']"
774978,"['BD0111EN', 'DS0101EN', 'PY0101EN']"
905781,"['DS0105EN', 'ML0101ENv3']"
1368692,['RP0101EN']
786514,['BD0211EN']
37465,['PY0101EN']
1136445,[]
1050603,"['BD0101EN', 'BD0111EN', 'BD0211EN', 'DS0101EN', 'PY0101EN']"
1018143,"['DA0101EN', 'DS0101EN', 'DS0103EN', 'DS0105EN', 'DV0101EN', 'ML0115EN', 'RP0101EN']"
967436,['CO0101EN']
550887,"['BD0101EN', 'BD0111EN', 'ML0101ENv3', 'ML0115EN']"
431224,"['DS0101EN', 'PY0101EN']"
926147,[]
666015,[]
1804257,"['BD0101EN', 'DS0101EN', 'DS0103EN', 'DS0105EN', 'ML0101ENv3', 'ML0115EN', 'RP0101EN']"
676097,"['BD0101EN', 'BD0111EN', 'BD0211EN']"
446388,"['DS0101EN', 'DS0103EN', 'DS0105EN', 'ML0101ENv3', 'ML0115EN', 'RP0101EN']"
795406,"['BD0101EN', 'BD0111EN', 'DS0101EN', 'PY0101EN']"
1658936,[]
750374,['CO0101EN']
551330,"['BD0101EN', 'BD0111EN', 'DS0101EN', 'DS0103EN', 'ML0115EN', 'RP0101EN']"
899822,"['BD0101EN', 'BD0111EN', 'DS0101EN', 'DS0103EN', 'DS0105EN', 'DV0101EN', 'RP0101EN']"
1197018,[]
545870,"['BD0111EN', 'BD0211EN']"
902636,"['BD0101EN', 'BD0211EN']"
576061,"['BD0101EN', 'BD0111EN', 'BD0211EN']"
1357352,['PY0101EN']
261571,[]
1486184,[]
1428322,"['DA0101EN', 'DS0101EN', 'DS0103EN', 'DS0105EN', 'DV0101EN', 'ML0115EN', 'RP0101EN']"
584748,"['BD0101EN', 'BD0111EN', 'DA0101EN', 'DS0103EN', 'DS0105EN', 'DV0101EN', 'ML0101ENv3', 'ML0115EN', 'PY0101EN', 'RP0101EN']"
435898,"['BD0101EN', 'DS0101EN', 'PY0101EN']"
1713082,"['BD0101EN', 'BD0111EN', 'BD0211EN', 'DS0101EN']"
1109401,['CO0101EN']
1029144,"['BD0101EN', 'BD0111EN', 'DS0101EN', 'DS0103EN', 'DS0105EN', 'RP0101EN']"
1143528,"['BD0111EN', 'DA0101EN', 'DV0101EN', 'ML0115EN', 'RP0101EN']"
782574,[]
1205620,['CO0101EN']
1832099,"['BD0101EN', 'BD0111EN', 'DA0101EN', 'DS0103EN', 'DV0101EN']"
1136751,[]
1385217,[]
1562460,"['DS0101EN', 'PY0101EN']"
1455180,"['BD0101EN', 'BD0111EN', 'DS0101EN', 'DS0103EN', 'DS0105EN', 'ML0115EN', 'RP0101EN']"
1125199,"['BD0101EN', 'DS0101EN', 'DS0103EN', 'DS0105EN', 'DV0101EN', 'ML0101ENv3', 'ML0115EN', 'PY0101EN', 'RP0101EN']"
924246,"['BD0101EN', 'BD0111EN', 'BD0211EN', 'DS0101EN', 'PY0101EN']"
476798,"['BD0101EN', 'BD0111EN', 'DS0101EN', 'DS0103EN', 'DS0105EN', 'DV0101EN', 'ML0101ENv3', 'RP0101EN']"
918805,[]
179356,[]
1594142,"['BD0101EN', 'BD0111EN', 'DV0101EN', 'ML0101ENv3', 'ML0115EN', 'RP0101EN']"
606648,[]
542255,"['DA0101EN', 'DS0105EN', 'DV0101EN', 'ML0101ENv3', 'ML0115EN']"
945602,[]
1399944,[]
1649175,"['BD0101EN', 'BD0111EN', 'BD0211EN', 'PY0101EN']"
1676221,"['BD0101EN', 'BD0111EN', 'ML0101ENv3', 'ML0115EN', 'RP0101EN']"
428501,"['BD0101EN', 'BD0111EN', 'DA0101EN', 'DV0101EN', 'ML0101ENv3', 'ML0115EN', 'PY0101EN']"
698476,[]
1719220,"['BD0111EN', 'ML0101ENv3', 'ML0115EN', 'RP0101EN']"
1129990,[]
1033465,"['BD0111EN', 'ML0101ENv3']"
1326774,"['BD0101EN', 'BD0111EN', 'DA0101EN', 'DV0101EN', 'ML0101ENv3', 'ML0115EN', 'RP0101EN']"
585654,"['BD0101EN', 'BD0111EN', 'DV0101EN', 'ML0101ENv3', 'ML0115EN', 'RP0101EN']"
1609128,"['DA0101EN', 'DS0103EN', 'DS0105EN', 'DV0101EN', 'ML0115EN']"
1589197,"['DS0101EN', 'PY0101EN']"
352684,[]
1105494,"['BD0101EN', 'BD0111EN', 'BD0211EN']"
1499434,['CO0101EN']
969644,"['BD0101EN', 'BD0111EN', 'DA0101EN', 'DS0101EN', 'DS0105EN', 'DV0101EN', 'ML0101ENv3', 'ML0115EN', 'RP0101EN']"
1013378,"['BD0111EN', 'DS0101EN', 'DS0103EN', 'DS0105EN', 'ML0115EN']"
362955,[]
998681,['CO0101EN']
2056952,['PY0101EN']
632294,"['BD0111EN', 'BD0211EN', 'PY0101EN']"
397562,['CO0101EN']
932586,"['BD0101EN', 'BD0111EN', 'BD0211EN', 'PY0101EN']"
700005,[]
607310,"['DA0101EN', 'DS0105EN', 'DV0101EN', 'ML0101ENv3', 'ML0115EN']"
477953,"['BD0101EN', 'PY0101EN']"
1643171,"['BD0111EN', 'BD0211EN', 'PY0101EN']"
946219,"['BD0111EN', 'BD0211EN', 'PY0101EN']"
50348,['BD0211EN']
1468497,[]
1271384,"['BD0101EN', 'DS0101EN', 'DS0103EN', 'DS0105EN', 'DV0101EN', 'PY0101EN']"
629189,"['BD0111EN', 'BD0211EN', 'DS0101EN', 'PY0101EN']"
331432,"['DA0101EN', 'DV0101EN', 'ML0101ENv3', 'ML0115EN', 'PY0101EN']"
784838,[]
1881160,['CO0101EN']
134697,"['BD0101EN', 'BD0111EN', 'DS0101EN', 'PY0101EN']"
536821,"['DA0101EN', 'DS0103EN', 'DV0101EN', 'ML0101ENv3', 'PY0101EN', 'RP0101EN']"
646951,"['BD0111EN', 'BD0211EN']"
1691061,"['BD0101EN', 'BD0111EN', 'DS0103EN', 'DS0105EN', 'DV0101EN', 'RP0101EN']"
1242036,"['BD0101EN', 'BD0111EN', 'RP0101EN']"
403519,"['BD0211EN', 'PY0101EN']"
1336595,['CO0101EN']
914078,"['BD0111EN', 'ML0115EN']"
1203928,"['BD0101EN', 'BD0111EN', 'BD0211EN']"
457527,['BD0211EN']
1461432,"['BD0111EN', 'DA0101EN', 'DS0101EN', 'DS0103EN', 'DS0105EN', 'DV0101EN']"
599839,"['BD0101EN', 'DA0101EN', 'DS0103EN', 'DS0105EN', 'DV0101EN', 'ML0101ENv3']"
1190880,"['BD0101EN', 'BD0111EN', 'DV0101EN', 'ML0101ENv3', 'ML0115EN', 'RP0101EN']"
2002590,['CO0101EN']
1718448,"['BD0111EN', 'BD0211EN']"
927126,"['BD0101EN', 'BD0111EN']"
2074313,"['ML0101ENv3', 'ML0115EN', 'RP0101EN']"
577409,"['BD0101EN', 'BD0111EN', 'BD0211EN']"
757742,[]
904667,"['BD0101EN', 'BD0111EN', 'ML0115EN', 'RP0101EN']"
724221,['BD0211EN']
902488,"['BD0111EN', 'BD0211EN']"
506042,"['BD0101EN', 'BD0111EN', 'BD0211EN', 'DS0101EN', 'PY0101EN']"
1752907,"['BD0101EN', 'BD0111EN', 'DS0101EN', 'DS0103EN', 'DS0105EN', 'DV0101EN', 'ML0115EN', 'RP0101EN']"
1448499,"['BD0101EN', 'BD0111EN', 'ML0101ENv3', 'ML0115EN', 'RP0101EN']"
739168,[]
1343816,[]
781728,"['BD0211EN', 'PY0101EN']"
1811287,['CO0101EN']
1322106,"['BD0111EN', 'DS0105EN', 'ML0101ENv3', 'ML0115EN', 'RP0101EN']"
553969,[]
917605,"['BD0101EN', 'BD0111EN', 'DS0105EN', 'ML0115EN']"
1046219,[]
1411341,"['BD0101EN', 'BD0111EN', 'DS0101EN', 'DS0103EN', 'DS0105EN', 'ML0101ENv3', 'ML0115EN', 'RP0101EN']"
691859,"['BD0111EN', 'BD0211EN', 'DS0101EN', 'PY0101EN']"
1354651,"['DA0101EN', 'DV0101EN', 'ML0115EN', 'RP0101EN']"
919445,[]
1770354,"['BD0101EN', 'BD0111EN', 'BD0211EN', 'PY0101EN']"
1735651,"['BD0101EN', 'BD0111EN', 'BD0211EN', 'PY0101EN']"
1098265,"['BD0101EN', 'DS0101EN', 'PY0101EN']"
574414,"['BD0101EN', 'DS0101EN', 'PY0101EN']"
968566,"['DA0101EN', 'DS0101EN', 'DS0103EN', 'DS0105EN', 'DV0101EN']"
1325797,"['BD0101EN', 'BD0111EN', 'DA0101EN', 'ML0115EN', 'RP0101EN']"
514320,[]
481019,"['DA0101EN', 'DS0101EN', 'DS0105EN', 'DV0101EN', 'ML0101ENv3', 'PY0101EN', 'RP0101EN']"
1581358,"['DA0101EN', 'DS0103EN', 'DV0101EN', 'ML0115EN', 'RP0101EN']"
306665,"['BD0101EN', 'BD0111EN', 'DS0101EN']"
1643210,"['DS0105EN', 'DV0101EN', 'ML0101ENv3', 'ML0115EN', 'RP0101EN']"
760278,"['DV0101EN', 'ML0101ENv3', 'ML0115EN', 'RP0101EN']"
603336,[]
1126865,[]
1271923,"['BD0101EN', 'BD0111EN', 'DS0101EN', 'DS0103EN', 'DS0105EN', 'ML0101ENv3', 'ML0115EN', 'RP0101EN']"
1294863,['CO0101EN']
1111747,[]
887142,"['DA0101EN', 'DS0101EN', 'DS0103EN', 'DS0105EN', 'DV0101EN', 'ML0101ENv3', 'RP0101EN']"
1143471,['CO0101EN']
1092050,"['BD0211EN', 'PY0101EN']"
889030,"['BD0101EN', 'BD0111EN', 'DS0101EN', 'DS0105EN', 'DV0101EN', 'RP0101EN']"
727462,['DS0101EN']
1625299,"['BD0101EN', 'BD0111EN', 'DS0101EN', 'DS0103EN', 'DS0105EN', 'ML0115EN', 'RP0101EN']"
271899,"['BD0211EN', 'DS0101EN', 'PY0101EN']"
1045938,"['BD0111EN', 'DA0101EN', 'DV0101EN', 'ML0115EN', 'RP0101EN']"
1180577,"['DS0101EN', 'DS0103EN', 'DS0105EN', 'ML0115EN', 'RP0101EN']"
761540,[]
1507787,[]
345064,"['BD0101EN', 'DA0101EN', 'DS0103EN', 'DS0105EN', 'DV0101EN', 'ML0101ENv3', 'ML0115EN', 'RP0101EN']"
607999,"['BD0101EN', 'BD0211EN', 'DS0101EN', 'PY0101EN']"
1411199,['BD0211EN']
1019623,"['BD0211EN', 'PY0101EN']"
1497705,"['DS0101EN', 'PY0101EN']"
1641257,"['BD0111EN', 'DA0101EN', 'DS0103EN', 'DS0105EN', 'ML0115EN', 'RP0101EN']"
426277,"['DS0101EN', 'PY0101EN']"
1571316,"['BD0211EN', 'DS0101EN', 'PY0101EN']"
1399082,"['BD0101EN', 'BD0111EN', 'DA0101EN', 'DS0101EN', 'DS0103EN', 'DS0105EN', 'DV0101EN', 'RP0101EN']"
703067,[]
1855847,['CO0101EN']
1164273,[]
1349271,[]
1267592,"['BD0101EN', 'BD0111EN', 'DA0101EN', 'DS0103EN', 'DS0105EN', 'DV0101EN', 'ML0115EN', 'RP0101EN']"
1688004,"['BD0101EN', 'BD0111EN', 'BD0211EN', 'DS0101EN']"
1453903,"['BD0101EN', 'BD0111EN', 'DA0101EN', 'DS0101EN', 'DV0101EN', 'RP0101EN']"
1179973,"['BD0111EN', 'BD0211EN', 'PY0101EN']"
1332683,[]
739646,"['BD0211EN', 'DS0101EN']"
1355350,"['BD0101EN', 'BD0111EN', 'BD0211EN', 'PY0101EN']"
203388,"['BD0101EN', 'BD0111EN', 'DS0101EN', 'DS0103EN', 'DS0105EN', 'ML0101ENv3', 'ML0115EN', 'RP0101EN']"
625486,"['BD0101EN', 'DS0105EN', 'ML0101ENv3', 'RP0101EN']"
1005259,['RP0101EN']
1714575,[]
1838639,"['BD0101EN', 'BD0111EN', 'BD0211EN', 'DS0101EN', 'PY0101EN']"
619829,['DS0101EN']
746437,"['BD0101EN', 'BD0111EN', 'DA0101EN', 'DS0103EN', 'DS0105EN', 'DV0101EN', 'ML0101ENv3', 'RP0101EN']"
364194,"['BD0111EN', 'DA0101EN', 'DV0101EN', 'ML0101ENv3', 'PY0101EN']"
1435065,"['BD0101EN', 'BD0111EN', 'RP0101EN']"
1229980,"['DA0101EN', 'DV0101EN', 'ML0101ENv3', 'ML0115EN', 'PY0101EN', 'RP0101EN']"
484628,"['BD0101EN', 'DS0101EN', 'PY0101EN']"
1265804,"['BD0101EN', 'BD0111EN', 'BD0211EN', 'DS0101EN']"
1524666,"['BD0101EN', 'BD0211EN', 'DS0101EN', 'PY0101EN']"
600214,"['DA0101EN', 'DV0101EN', 'ML0101ENv3']"
883019,[]
718688,[]
1180109,['CO0101EN']
1004265,"['BD0101EN', 'BD0111EN', 'DS0101EN', 'DS0103EN', 'DS0105EN', 'ML0101ENv3', 'ML0115EN']"
643167,"['BD0101EN', 'DA0101EN', 'DV0101EN', 'ML0101ENv3']"
998189,[]
1076032,"['BD0101EN', 'BD0111EN', 'DA0101EN', 'DV0101EN', 'ML0101ENv3', 'ML0115EN', 'RP0101EN']"
1655079,"['BD0101EN', 'BD0111EN', 'DS0103EN', 'DS0105EN', 'ML0115EN']"
1069780,"['BD0101EN', 'BD0111EN', 'DS0101EN', 'DS0103EN', 'DS0105EN', 'RP0101EN']"
943144,[]
1434413,"['BD0101EN', 'BD0111EN', 'DA0101EN', 'DS0105EN', 'DV0101EN', 'ML0115EN', 'RP0101EN']"
977927,['CO0101EN']
2074462,"['BD0101EN', 'BD0111EN', 'BD0211EN', 'DS0101EN']"
884695,[]
717332,"['BD0101EN', 'BD0111EN', 'DS0103EN', 'DS0105EN', 'RP0101EN']"
1616745,"['BD0101EN', 'BD0111EN', 'DS0101EN', 'DS0105EN', 'ML0115EN']"
1476082,['CO0101EN']
988310,"['BD0101EN', 'DS0101EN', 'PY0101EN']"
1691612,"['BD0101EN', 'BD0111EN', 'DS0101EN', 'DS0103EN', 'DS0105EN', 'RP0101EN']"
784385,"['BD0111EN', 'DA0101EN', 'DS0105EN', 'DV0101EN', 'ML0115EN', 'PY0101EN', 'RP0101EN']"
785533,"['BD0101EN', 'BD0111EN', 'DA0101EN', 'DV0101EN', 'ML0101ENv3', 'ML0115EN', 'RP0101EN']"
1424123,['CO0101EN']
1018224,"['BD0101EN', 'BD0111EN', 'BD0211EN', 'DS0101EN', 'PY0101EN']"
396776,['DS0101EN']
1061755,[]
1344036,"['DS0103EN', 'DS0105EN', 'RP0101EN']"
1207973,[]
1395227,"['DS0101EN', 'PY0101EN']"
641998,"['DS0101EN', 'PY0101EN']"
1776689,[]
1259402,"['DA0101EN', 'DS0101EN', 'DS0103EN', 'DS0105EN', 'DV0101EN', 'ML0115EN', 'RP0101EN']"
1564139,"['BD0101EN', 'BD0111EN', 'DS0101EN', 'DS0103EN', 'DS0105EN', 'ML0101ENv3', 'RP0101EN']"
663689,['CO0101EN']
1276534,"['BD0101EN', 'BD0111EN', 'RP0101EN']"
1587923,"['BD0101EN', 'BD0111EN', 'DA0101EN', 'DS0101EN', 'DS0103EN', 'DS0105EN', 'ML0115EN', 'RP0101EN']"
471338,"['BD0211EN', 'DS0101EN', 'PY0101EN']"
1912529,"['BD0111EN', 'BD0211EN', 'PY0101EN']"
583245,"['BD0111EN', 'BD0211EN', 'PY0101EN']"
1228256,"['BD0101EN', 'BD0111EN', 'DA0101EN', 'DS0103EN', 'RP0101EN']"
1622107,"['BD0101EN', 'BD0111EN', 'DA0101EN', 'DS0103EN', 'DS0105EN', 'DV0101EN', 'RP0101EN']"
774894,"['ML0115EN', 'RP0101EN']"
1082958,"['BD0211EN', 'DS0101EN']"
461359,"['DS0103EN', 'DS0105EN', 'DV0101EN', 'ML0115EN', 'RP0101EN']"
1092281,"['DS0101EN', 'DS0103EN', 'ML0115EN', 'PY0101EN', 'RP0101EN']"
351320,"['BD0111EN', 'DA0101EN', 'DS0101EN', 'DS0103EN', 'DS0105EN', 'DV0101EN', 'ML0101ENv3', 'ML0115EN', 'PY0101EN', 'RP0101EN']"
1632349,"['BD0101EN', 'BD0111EN', 'BD0211EN', 'PY0101EN']"
1343288,"['BD0101EN', 'BD0111EN', 'DA0101EN', 'DS0101EN', 'DS0103EN', 'DS0105EN']"
1088239,"['BD0101EN', 'DA0101EN', 'DS0101EN', 'DS0103EN', 'DS0105EN', 'DV0101EN', 'PY0101EN', 'RP0101EN']"
160015,"['DS0101EN', 'PY0101EN']"
1109662,"['BD0111EN', 'BD0211EN', 'DS0101EN']"
941063,[]
914921,"['DA0101EN', 'DS0103EN', 'DS0105EN', 'DV0101EN']"
1308482,"['BD0111EN', 'BD0211EN', 'DS0101EN']"
717307,['PY0101EN']
1764803,"['BD0101EN', 'DA0101EN', 'DS0101EN', 'DS0103EN', 'DS0105EN', 'DV0101EN', 'RP0101EN']"
1408128,"['BD0101EN', 'BD0111EN', 'ML0101ENv3', 'ML0115EN', 'RP0101EN']"
189913,"['BD0101EN', 'BD0111EN', 'DA0101EN', 'DS0105EN', 'DV0101EN', 'ML0101ENv3', 'PY0101EN', 'RP0101EN']"
666135,['PY0101EN']
1107439,"['BD0101EN', 'BD0111EN', 'BD0211EN', 'DS0101EN', 'PY0101EN']"
980498,"['BD0111EN', 'DA0101EN', 'DV0101EN', 'ML0101ENv3', 'ML0115EN', 'PY0101EN']"
613802,"['BD0111EN', 'PY0101EN']"
620075,"['BD0101EN', 'DS0101EN', 'PY0101EN']"
1360773,"['BD0101EN', 'BD0111EN', 'BD0211EN', 'PY0101EN']"
314348,['ML0115EN']
1086160,"['BD0101EN', 'BD0111EN', 'DS0101EN', 'DS0103EN', 'DS0105EN', 'RP0101EN']"
779505,[]
1803385,"['BD0101EN', 'BD0111EN', 'RP0101EN']"
974620,['CO0101EN']
2000884,"['BD0101EN', 'BD0111EN', 'DA0101EN', 'DS0101EN', 'DV0101EN', 'RP0101EN']"
951683,"['BD0101EN', 'BD0111EN', 'DA0101EN', 'DS0103EN', 'DS0105EN', 'DV0101EN', 'ML0101ENv3', 'RP0101EN']"
1315713,"['BD0111EN', 'DS0103EN', 'DS0105EN', 'ML0101ENv3', 'ML0115EN', 'RP0101EN']"
1657304,"['BD0101EN', 'BD0111EN', 'ML0115EN', 'RP0101EN']"
1339300,"['BD0211EN', 'DS0101EN']"
581446,[]
1759305,"['BD0101EN', 'BD0111EN', 'DS0101EN', 'DS0103EN', 'DS0105EN', 'DV0101EN', 'ML0115EN', 'RP0101EN']"
1463405,"['BD0101EN', 'BD0111EN', 'DA0101EN', 'DS0101EN', 'DS0103EN', 'DS0105EN', 'DV0101EN', 'RP0101EN']"
1325764,"['BD0101EN', 'BD0211EN', 'DS0101EN']"
390213,"['DS0101EN', 'PY0101EN']"
181124,"['BD0111EN', 'DS0101EN', 'PY0101EN']"
778070,"['BD0101EN', 'BD0111EN', 'PY0101EN']"
1658021,['CO0101EN']
435858,"['DS0101EN', 'PY0101EN']"
1864236,"['BD0101EN', 'BD0111EN', 'BD0211EN', 'DS0101EN', 'PY0101EN']"
883395,"['BD0111EN', 'DA0101EN', 'DS0101EN', 'DS0103EN', 'DS0105EN', 'DV0101EN', 'ML0101ENv3', 'ML0115EN', 'PY0101EN']"
1192496,"['BD0111EN', 'BD0211EN', 'DS0101EN', 'PY0101EN']"
1843006,[]
1888188,['CO0101EN']
564038,['PY0101EN']
348808,['PY0101EN']
1138220,"['DS0105EN', 'ML0115EN']"
794942,"['BD0111EN', 'BD0211EN', 'PY0101EN']"
1518203,"['BD0101EN', 'BD0111EN', 'DS0103EN', 'ML0115EN', 'RP0101EN']"
1194704,[]
1453424,"['DA0101EN', 'DS0103EN', 'DS0105EN', 'DV0101EN', 'ML0101ENv3', 'ML0115EN']"
1517420,"['BD0101EN', 'BD0111EN', 'DA0101EN', 'DS0103EN', 'DS0105EN', 'DV0101EN', 'ML0115EN']"
1600241,['PY0101EN']
1547165,"['BD0101EN', 'BD0111EN', 'DS0101EN', 'DS0103EN', 'DS0105EN', 'ML0115EN']"
1105350,"['BD0101EN', 'BD0111EN', 'BD0211EN']"
518867,['PY0101EN']
1100356,"['BD0101EN', 'BD0111EN', 'BD0211EN', 'DS0101EN', 'PY0101EN']"
1096927,['CO0101EN']
476115,"['DA0101EN', 'DS0105EN', 'DV0101EN', 'ML0101ENv3', 'ML0115EN', 'PY0101EN']"
565505,"['BD0101EN', 'BD0111EN', 'BD0211EN', 'DS0101EN', 'PY0101EN']"
1008900,"['BD0101EN', 'BD0111EN', 'DA0101EN', 'DS0101EN', 'DS0103EN', 'DS0105EN', 'DV0101EN', 'RP0101EN']"
1672648,"['BD0101EN', 'BD0111EN', 'DS0103EN', 'DS0105EN', 'RP0101EN']"
679194,"['BD0101EN', 'DA0101EN', 'DS0101EN', 'DS0103EN', 'DS0105EN', 'DV0101EN', 'ML0101ENv3', 'ML0115EN', 'PY0101EN']"
1986311,[]
787212,"['BD0111EN', 'BD0211EN', 'DS0101EN', 'PY0101EN']"
1536959,"['BD0211EN', 'PY0101EN']"
1864644,"['BD0101EN', 'BD0111EN', 'DS0101EN', 'DS0103EN', 'DS0105EN', 'RP0101EN']"
983732,"['BD0101EN', 'BD0111EN', 'DA0101EN', 'DV0101EN']"
920511,"['BD0211EN', 'DS0101EN', 'PY0101EN']"
881259,"['BD0111EN', 'BD0211EN', 'DS0101EN', 'PY0101EN']"
1308093,"['DA0101EN', 'DV0101EN', 'ML0101ENv3', 'ML0115EN', 'RP0101EN']"
1044500,"['DS0101EN', 'DS0103EN', 'DS0105EN', 'ML0115EN', 'RP0101EN']"
246282,"['BD0101EN', 'DS0101EN']"
1386352,['CO0101EN']
1005000,['CO0101EN']
984461,"['DS0101EN', 'PY0101EN']"
331334,"['BD0101EN', 'BD0111EN', 'BD0211EN']"
1554610,"['BD0101EN', 'BD0111EN', 'DA0101EN', 'DS0101EN', 'DS0103EN', 'DS0105EN', 'DV0101EN', 'RP0101EN']"
1076158,"['BD0101EN', 'BD0111EN', 'ML0101ENv3', 'ML0115EN', 'RP0101EN']"
902409,"['BD0111EN', 'BD0211EN', 'DS0101EN', 'PY0101EN']"
1656151,"['BD0111EN', 'ML0115EN', 'PY0101EN', 'RP0101EN']"
683043,"['BD0111EN', 'DS0101EN']"
1107312,"['BD0111EN', 'BD0211EN']"
1320948,['CO0101EN']
1637560,['CO0101EN']
1346186,"['DA0101EN', 'DS0103EN', 'DS0105EN', 'ML0115EN']"
1313389,"['BD0101EN', 'BD0111EN', 'DS0103EN', 'DS0105EN', 'DV0101EN', 'RP0101EN']"
1046814,"['BD0111EN', 'BD0211EN', 'DS0101EN', 'PY0101EN']"
422079,"['BD0101EN', 'BD0111EN', 'DA0101EN', 'DS0103EN', 'DS0105EN', 'DV0101EN', 'ML0115EN']"
1607944,"['BD0101EN', 'BD0111EN', 'DS0101EN', 'DS0103EN', 'DS0105EN', 'DV0101EN', 'ML0115EN', 'RP0101EN']"
1904245,"['BD0101EN', 'BD0111EN', 'DS0101EN', 'DS0103EN', 'DS0105EN', 'ML0115EN', 'RP0101EN']"
1061145,"['BD0111EN', 'BD0211EN', 'PY0101EN']"
1014837,"['BD0101EN', 'BD0111EN']"
1242515,"['BD0111EN', 'DA0101EN', 'DV0101EN', 'ML0101ENv3', 'ML0115EN', 'RP0101EN']"
1473132,"['BD0111EN', 'DS0101EN', 'DS0103EN', 'DS0105EN', 'DV0101EN', 'ML0115EN', 'RP0101EN']"
1662401,"['BD0101EN', 'BD0111EN', 'DA0101EN', 'DS0103EN', 'DS0105EN', 'DV0101EN', 'ML0115EN', 'RP0101EN']"
1922237,[]
1125014,[]
1281883,"['BD0101EN', 'BD0111EN', 'DA0101EN', 'DS0101EN', 'DS0103EN', 'DS0105EN', 'DV0101EN', 'ML0115EN', 'RP0101EN']"
1543054,"['BD0101EN', 'BD0111EN', 'DS0103EN', 'DS0105EN', 'DV0101EN', 'ML0115EN', 'RP0101EN']"
759656,"['BD0211EN', 'PY0101EN']"
1502111,"['BD0111EN', 'BD0211EN', 'PY0101EN']"
899096,"['BD0101EN', 'DA0101EN', 'DS0101EN', 'DS0103EN', 'DS0105EN', 'DV0101EN', 'ML0101ENv3', 'ML0115EN']"
1005934,"['BD0101EN', 'BD0111EN', 'BD0211EN']"
556941,[]
1339442,"['BD0101EN', 'BD0111EN', 'DS0103EN', 'DS0105EN', 'DV0101EN', 'ML0115EN', 'RP0101EN']"
1086577,"['BD0111EN', 'BD0211EN', 'DS0101EN']"
1832234,"['BD0101EN', 'BD0111EN', 'DS0103EN', 'ML0115EN', 'RP0101EN']"
1568651,"['BD0101EN', 'BD0111EN', 'BD0211EN', 'DS0101EN', 'PY0101EN']"
1139255,"['BD0101EN', 'BD0111EN', 'BD0211EN', 'DS0101EN']"
1364743,"['DS0101EN', 'PY0101EN']"
1119439,[]
769734,"['BD0111EN', 'BD0211EN', 'PY0101EN']"
1125553,"['DV0101EN', 'ML0101ENv3', 'ML0115EN', 'PY0101EN', 'RP0101EN']"
717728,['BD0211EN']
85625,"['BD0101EN', 'BD0211EN', 'DS0101EN', 'PY0101EN']"
1145420,[]
985744,"['BD0101EN', 'BD0111EN', 'DS0103EN', 'DS0105EN', 'DV0101EN', 'ML0101ENv3', 'ML0115EN', 'RP0101EN']"
614638,"['BD0111EN', 'BD0211EN', 'DS0101EN']"
277197,"['BD0101EN', 'DA0101EN', 'DS0101EN', 'DS0103EN', 'DS0105EN', 'DV0101EN', 'ML0101ENv3', 'PY0101EN', 'RP0101EN']"
1832901,['CO0101EN']
1515909,"['BD0101EN', 'BD0111EN', 'DA0101EN', 'DS0105EN', 'DV0101EN', 'ML0115EN', 'PY0101EN', 'RP0101EN']"
1744047,[]
1552450,"['BD0111EN', 'ML0115EN', 'RP0101EN']"
1496193,['CO0101EN']
1461811,['CO0101EN']
413286,"['BD0111EN', 'BD0211EN', 'PY0101EN']"
1227873,[]
1808215,"['BD0101EN', 'BD0111EN', 'DA0101EN', 'DS0103EN', 'DS0105EN', 'RP0101EN']"
1204117,"['BD0101EN', 'BD0111EN', 'BD0211EN']"
1028691,"['BD0211EN', 'DS0101EN', 'PY0101EN']"
1139258,['CO0101EN']
1107323,['CO0101EN']
933539,"['DS0103EN', 'DS0105EN', 'DV0101EN', 'ML0101ENv3', 'ML0115EN', 'RP0101EN']"
777203,"['BD0211EN', 'PY0101EN']"
786282,"['BD0211EN', 'DS0101EN']"
1368592,['PY0101EN']
284008,"['BD0101EN', 'BD0111EN', 'BD0211EN', 'DS0101EN', 'PY0101EN']"
884576,"['DS0103EN', 'DS0105EN', 'ML0101ENv3', 'ML0115EN', 'RP0101EN']"
1227916,"['BD0101EN', 'BD0111EN', 'DS0101EN', 'DS0103EN', 'DS0105EN', 'ML0101ENv3', 'ML0115EN', 'RP0101EN']"
1301573,"['BD0111EN', 'BD0211EN', 'PY0101EN']"
1720300,"['DA0101EN', 'DS0101EN', 'DS0103EN', 'DS0105EN', 'RP0101EN']"
1009985,"['BD0101EN', 'BD0111EN', 'BD0211EN', 'DS0101EN', 'PY0101EN']"
403839,"['DS0101EN', 'PY0101EN']"
1067028,"['BD0101EN', 'BD0111EN', 'BD0211EN', 'DS0101EN', 'PY0101EN']"
1699356,"['BD0111EN', 'DV0101EN']"
1360399,"['BD0101EN', 'BD0111EN', 'DS0101EN', 'DS0103EN', 'DS0105EN', 'DV0101EN', 'ML0115EN']"
1085199,"['BD0101EN', 'DS0101EN', 'DS0103EN', 'DS0105EN', 'ML0101ENv3', 'ML0115EN', 'RP0101EN']"
1231465,"['ML0115EN', 'RP0101EN']"
1687045,"['BD0111EN', 'DS0101EN', 'DS0105EN', 'ML0101ENv3', 'ML0115EN', 'RP0101EN']"
1131796,['CO0101EN']
629108,"['BD0111EN', 'DS0103EN', 'DS0105EN', 'ML0101ENv3', 'ML0115EN', 'RP0101EN']"
1768789,"['BD0101EN', 'BD0111EN', 'DS0101EN', 'DS0103EN', 'DS0105EN', 'PY0101EN', 'RP0101EN']"
666633,"['DS0101EN', 'PY0101EN']"
671203,"['BD0111EN', 'BD0211EN', 'PY0101EN']"
1637328,"['BD0101EN', 'BD0111EN', 'DS0101EN', 'DS0103EN', 'DS0105EN', 'ML0115EN', 'RP0101EN']"
518515,[]
1133967,"['DA0101EN', 'DS0101EN', 'DS0103EN', 'DS0105EN', 'ML0115EN', 'PY0101EN']"
1369842,[]
1433282,['CO0101EN']
1574834,"['BD0101EN', 'BD0111EN', 'DA0101EN', 'DS0101EN', 'DS0103EN', 'DS0105EN', 'DV0101EN', 'ML0101ENv3', 'ML0115EN']"
1155304,[]
1357226,"['BD0101EN', 'BD0111EN', 'BD0211EN', 'DS0101EN', 'PY0101EN']"
1128878,"['BD0111EN', 'PY0101EN']"
666770,[]
573047,['BD0211EN']
1650969,"['BD0111EN', 'DA0101EN', 'DS0105EN', 'DV0101EN', 'ML0115EN', 'RP0101EN']"
1675314,"['BD0111EN', 'BD0211EN', 'PY0101EN']"
1103515,"['BD0111EN', 'DS0103EN', 'ML0101ENv3', 'ML0115EN', 'RP0101EN']"
984164,"['BD0101EN', 'BD0211EN', 'DS0101EN']"
343800,"['BD0111EN', 'BD0211EN', 'DS0101EN']"
376785,['CO0101EN']
1167861,['CO0101EN']
784286,"['BD0101EN', 'BD0111EN', 'DA0101EN', 'DS0101EN', 'DS0103EN', 'DS0105EN', 'DV0101EN', 'ML0101ENv3', 'ML0115EN']"
1072153,[]
1020974,"['DS0101EN', 'DS0103EN', 'DS0105EN', 'DV0101EN', 'RP0101EN']"
978391,"['BD0111EN', 'BD0211EN']"
885498,"['BD0111EN', 'BD0211EN', 'DS0101EN', 'PY0101EN']"
1522374,"['BD0101EN', 'BD0211EN', 'DS0101EN', 'PY0101EN']"
1482567,[]
1578344,"['BD0101EN', 'BD0111EN', 'DA0101EN', 'DV0101EN', 'ML0101ENv3', 'ML0115EN']"
1305655,"['DS0101EN', 'DS0103EN', 'DS0105EN', 'RP0101EN']"
792854,"['BD0111EN', 'DA0101EN', 'DS0101EN', 'DS0103EN', 'DS0105EN', 'DV0101EN', 'ML0101ENv3', 'ML0115EN', 'RP0101EN']"
1871037,"['BD0101EN', 'BD0111EN', 'DV0101EN', 'ML0115EN', 'RP0101EN']"
1525360,[]
1323058,"['BD0101EN', 'BD0111EN', 'BD0211EN', 'DS0101EN']"
1126377,[]
1013489,[]
1356003,"['BD0101EN', 'BD0111EN', 'DS0101EN', 'DS0103EN', 'DS0105EN', 'ML0115EN']"
1051348,['DS0101EN']
435578,"['BD0111EN', 'BD0211EN', 'DS0101EN', 'PY0101EN']"
1060120,"['BD0101EN', 'BD0111EN', 'DA0101EN', 'DV0101EN', 'ML0101ENv3', 'ML0115EN']"
931209,[]
1011733,"['BD0211EN', 'PY0101EN']"
542454,"['DA0101EN', 'DV0101EN', 'ML0101ENv3', 'ML0115EN', 'PY0101EN']"
696085,"['DV0101EN', 'ML0115EN', 'RP0101EN']"
559369,"['BD0111EN', 'BD0211EN']"
1560987,"['BD0111EN', 'BD0211EN', 'PY0101EN']"
1454545,[]
912100,"['BD0101EN', 'BD0111EN', 'BD0211EN', 'PY0101EN']"
1117875,[]
1016704,"['BD0111EN', 'PY0101EN']"
1079714,"['DA0101EN', 'DS0103EN', 'DS0105EN', 'DV0101EN', 'RP0101EN']"
109915,"['BD0101EN', 'BD0211EN', 'DS0101EN']"
1944533,"['BD0111EN', 'BD0211EN']"
2012017,['BD0211EN']
887665,['DS0101EN']
1074342,"['BD0101EN', 'BD0111EN', 'BD0211EN']"
1485705,"['BD0111EN', 'BD0211EN', 'PY0101EN']"
1468344,"['BD0101EN', 'DS0101EN']"
1828981,"['BD0101EN', 'BD0111EN', 'BD0211EN', 'DS0101EN']"
529858,"['BD0111EN', 'PY0101EN']"
646991,['BD0211EN']
1071340,[]
1856259,"['BD0101EN', 'BD0211EN', 'DS0101EN', 'PY0101EN']"
1916042,"['BD0101EN', 'BD0111EN', 'DS0101EN', 'DS0103EN', 'DS0105EN', 'RP0101EN']"
1665194,['DS0101EN']
1113053,[]
739825,"['DA0101EN', 'DS0103EN', 'DS0105EN', 'DV0101EN', 'ML0101ENv3', 'RP0101EN']"
1935753,"['BD0101EN', 'BD0111EN', 'DV0101EN', 'ML0101ENv3', 'ML0115EN', 'RP0101EN']"
1929807,"['BD0111EN', 'BD0211EN', 'DS0101EN', 'PY0101EN']"
1456410,"['BD0101EN', 'BD0111EN', 'DA0101EN', 'DS0101EN', 'DS0103EN', 'DS0105EN', 'DV0101EN', 'RP0101EN']"
1452402,"['BD0211EN', 'DS0101EN']"
783842,['BD0211EN']
1570208,"['BD0211EN', 'DS0101EN', 'PY0101EN']"
1855220,[]
1730913,['CO0101EN']
911976,['PY0101EN']
682652,"['BD0101EN', 'BD0111EN', 'DA0101EN', 'DS0101EN', 'DV0101EN', 'ML0101ENv3', 'ML0115EN', 'PY0101EN', 'RP0101EN']"
1578616,"['BD0101EN', 'BD0111EN', 'BD0211EN', 'DS0101EN']"
686896,"['DS0103EN', 'DS0105EN', 'DV0101EN', 'ML0101ENv3', 'ML0115EN']"
771772,"['BD0111EN', 'BD0211EN', 'PY0101EN']"
741200,"['DS0103EN', 'DS0105EN', 'DV0101EN', 'ML0101ENv3', 'ML0115EN', 'RP0101EN']"
1431506,[]
988543,"['BD0111EN', 'BD0211EN', 'PY0101EN']"
956675,"['BD0101EN', 'BD0111EN', 'BD0211EN', 'PY0101EN']"
1396267,"['BD0101EN', 'BD0111EN', 'BD0211EN', 'PY0101EN']"
978279,"['BD0101EN', 'BD0111EN', 'DS0105EN', 'ML0101ENv3', 'ML0115EN', 'RP0101EN']"
917017,"['BD0101EN', 'DA0101EN', 'DS0103EN', 'DS0105EN', 'DV0101EN', 'ML0101ENv3', 'RP0101EN']"
1151828,[]
1049471,"['BD0101EN', 'BD0111EN', 'PY0101EN']"
1730573,"['BD0101EN', 'BD0111EN', 'DS0105EN', 'ML0101ENv3', 'ML0115EN', 'RP0101EN']"
1380474,"['BD0111EN', 'BD0211EN', 'DS0101EN', 'PY0101EN']"
979599,"['BD0101EN', 'BD0111EN', 'BD0211EN', 'DS0101EN', 'PY0101EN']"
1858250,"['BD0111EN', 'DV0101EN', 'ML0101ENv3', 'ML0115EN', 'PY0101EN', 'RP0101EN']"
1139362,"['BD0101EN', 'BD0111EN', 'BD0211EN', 'DS0101EN']"
921445,['PY0101EN']
1679018,[]
896192,"['BD0111EN', 'BD0211EN']"
704583,"['BD0111EN', 'DA0101EN', 'DS0103EN', 'DS0105EN', 'DV0101EN', 'ML0101ENv3', 'PY0101EN', 'RP0101EN']"
161471,['BD0211EN']
896335,"['BD0111EN', 'BD0211EN', 'DS0101EN', 'PY0101EN']"
2000341,['DS0101EN']
373076,"['BD0111EN', 'BD0211EN', 'DS0101EN', 'PY0101EN']"
1699606,"['BD0101EN', 'BD0111EN', 'BD0211EN', 'DS0101EN', 'PY0101EN']"
1239926,"['DS0101EN', 'DS0103EN', 'DS0105EN', 'DV0101EN', 'ML0115EN']"
1132916,"['DS0101EN', 'PY0101EN']"
606214,"['DS0103EN', 'DS0105EN', 'DV0101EN', 'ML0101ENv3', 'ML0115EN', 'RP0101EN']"
1545628,"['BD0111EN', 'BD0211EN']"
1238107,"['BD0101EN', 'BD0111EN', 'DV0101EN', 'ML0101ENv3', 'ML0115EN', 'RP0101EN']"
1499966,"['BD0101EN', 'DS0103EN', 'DS0105EN', 'ML0101ENv3', 'RP0101EN']"
1919984,"['BD0101EN', 'BD0111EN', 'DA0101EN', 'DS0103EN', 'DS0105EN', 'ML0101ENv3', 'ML0115EN', 'RP0101EN']"
1063521,"['BD0111EN', 'DS0103EN', 'DS0105EN', 'ML0115EN', 'RP0101EN']"
2056704,"['BD0101EN', 'BD0111EN', 'DA0101EN', 'DV0101EN', 'ML0101ENv3', 'ML0115EN', 'RP0101EN']"
762066,"['BD0111EN', 'DA0101EN', 'DS0103EN', 'DS0105EN', 'DV0101EN', 'ML0101ENv3', 'ML0115EN', 'PY0101EN']"
1304559,['PY0101EN']
1717303,"['BD0101EN', 'DS0101EN', 'DS0103EN', 'DS0105EN', 'ML0101ENv3', 'ML0115EN', 'RP0101EN']"
1799705,['CO0101EN']
720149,"['BD0111EN', 'BD0211EN', 'DS0101EN']"
503291,"['DS0101EN', 'PY0101EN']"
1234087,['DS0101EN']
646861,['PY0101EN']
1194859,"['DS0101EN', 'PY0101EN']"
889265,[]
1616648,"['DA0101EN', 'DS0103EN', 'DS0105EN', 'DV0101EN', 'ML0115EN']"
1196755,"['BD0101EN', 'BD0111EN', 'DA0101EN', 'DS0101EN', 'DS0105EN', 'DV0101EN', 'RP0101EN']"
1328233,"['BD0101EN', 'BD0111EN', 'DS0101EN', 'DS0103EN', 'DS0105EN', 'RP0101EN']"
911789,"['DS0101EN', 'PY0101EN']"
1897898,"['BD0101EN', 'BD0111EN', 'DS0101EN', 'DS0103EN', 'DS0105EN', 'DV0101EN', 'RP0101EN']"
673206,"['DA0101EN', 'DS0103EN', 'DS0105EN', 'DV0101EN', 'ML0101ENv3', 'PY0101EN', 'RP0101EN']"
937026,['PY0101EN']
1493943,"['BD0101EN', 'DA0101EN', 'DV0101EN', 'ML0101ENv3', 'ML0115EN', 'PY0101EN', 'RP0101EN']"
1194346,"['BD0111EN', 'DS0101EN', 'DS0105EN', 'DV0101EN', 'ML0115EN', 'PY0101EN', 'RP0101EN']"
1000886,"['BD0101EN', 'BD0111EN', 'DS0101EN', 'DS0103EN', 'DS0105EN', 'ML0101ENv3', 'ML0115EN', 'RP0101EN']"
1889420,"['BD0101EN', 'BD0111EN', 'BD0211EN']"
1978886,"['BD0101EN', 'BD0111EN', 'DA0101EN', 'DV0101EN', 'ML0101ENv3', 'ML0115EN', 'PY0101EN']"
1627236,"['BD0101EN', 'BD0111EN', 'BD0211EN', 'DS0101EN', 'PY0101EN']"
732897,"['DS0101EN', 'PY0101EN']"
1287646,"['BD0101EN', 'BD0111EN', 'DS0101EN', 'DS0103EN', 'DS0105EN', 'ML0101ENv3', 'ML0115EN', 'RP0101EN']"
1124048,[]
676317,"['BD0211EN', 'PY0101EN']"
486201,"['DA0101EN', 'DS0103EN', 'DS0105EN', 'DV0101EN', 'ML0115EN', 'RP0101EN']"
506202,"['BD0101EN', 'BD0111EN', 'BD0211EN', 'PY0101EN']"
645459,"['DS0101EN', 'PY0101EN']"
942261,"['BD0111EN', 'BD0211EN']"
1278965,[]
891366,"['BD0101EN', 'BD0111EN', 'BD0211EN', 'PY0101EN']"
1955349,"['BD0101EN', 'BD0111EN', 'ML0101ENv3', 'ML0115EN', 'RP0101EN']"
371091,"['BD0101EN', 'BD0111EN', 'BD0211EN']"
1664399,"['BD0101EN', 'BD0111EN', 'BD0211EN', 'DS0101EN']"
1431881,"['BD0101EN', 'BD0111EN', 'DS0105EN', 'ML0101ENv3', 'ML0115EN', 'RP0101EN']"
1840749,"['DS0101EN', 'DS0103EN', 'DS0105EN', 'ML0115EN', 'RP0101EN']"
746547,"['BD0101EN', 'BD0111EN', 'BD0211EN', 'PY0101EN']"
1781984,"['BD0101EN', 'BD0211EN', 'DS0101EN', 'PY0101EN']"
1496810,"['BD0111EN', 'BD0211EN', 'DS0101EN', 'PY0101EN']"
1578866,"['BD0101EN', 'BD0111EN', 'DS0101EN', 'DS0103EN', 'DS0105EN', 'RP0101EN']"
926743,"['DS0101EN', 'PY0101EN']"
1887480,"['BD0101EN', 'BD0111EN', 'DS0103EN', 'DS0105EN', 'ML0101ENv3', 'ML0115EN', 'RP0101EN']"
609064,"['BD0111EN', 'DA0101EN', 'DS0101EN', 'DS0103EN', 'DS0105EN', 'DV0101EN', 'ML0101ENv3', 'RP0101EN']"
728302,"['DS0101EN', 'PY0101EN']"
1646441,['CO0101EN']
731074,"['BD0101EN', 'BD0111EN', 'BD0211EN', 'PY0101EN']"
2032910,"['BD0101EN', 'BD0111EN', 'DS0103EN', 'DS0105EN', 'RP0101EN']"
1911140,"['BD0101EN', 'BD0111EN', 'BD0211EN']"
1256661,[]
1870948,[]
1007060,['CO0101EN']
1758996,"['BD0111EN', 'DS0101EN', 'DS0103EN', 'DS0105EN', 'ML0115EN', 'RP0101EN']"
720259,"['DS0101EN', 'PY0101EN']"
884472,"['BD0101EN', 'BD0111EN', 'DA0101EN', 'DS0101EN', 'DS0103EN', 'DS0105EN', 'DV0101EN', 'ML0101ENv3', 'PY0101EN', 'RP0101EN']"
1116126,[]
1121636,"['BD0101EN', 'BD0111EN', 'BD0211EN', 'DS0101EN']"
576397,['BD0211EN']
1907898,"['BD0101EN', 'BD0111EN', 'BD0211EN', 'DS0101EN']"
1390057,"['BD0111EN', 'BD0211EN', 'PY0101EN']"
1021071,"['BD0101EN', 'BD0111EN', 'DV0101EN', 'ML0101ENv3', 'ML0115EN', 'RP0101EN']"
625223,"['BD0111EN', 'DS0101EN', 'DS0103EN', 'DS0105EN', 'ML0101ENv3', 'ML0115EN', 'RP0101EN']"
1830259,"['BD0111EN', 'BD0211EN', 'DS0101EN', 'PY0101EN']"
676094,"['DV0101EN', 'ML0101ENv3', 'ML0115EN', 'PY0101EN']"
1076538,"['BD0101EN', 'BD0111EN', 'BD0211EN', 'PY0101EN']"
1871214,['PY0101EN']
1474724,"['BD0211EN', 'PY0101EN']"
1344813,"['DA0101EN', 'DS0103EN', 'DS0105EN', 'DV0101EN', 'ML0115EN', 'RP0101EN']"
1847555,"['BD0101EN', 'BD0111EN', 'BD0211EN', 'PY0101EN']"
1669829,"['BD0101EN', 'BD0111EN', 'BD0211EN', 'PY0101EN']"
481658,"['BD0211EN', 'DS0101EN', 'PY0101EN']"
1341273,[]
884271,"['BD0211EN', 'DS0101EN', 'PY0101EN']"
1868084,[]
630511,"['BD0101EN', 'BD0211EN', 'DS0101EN']"
